,end,filename,start,text,speaker
0,30500,the.simpsons.s21e13.720p.hdtv.x264-ctu.srt,20500,"<font color=""#ffff00"">Sync by honeybunny</font>
<font color=""#ffff00"">www.addic7ed.com</font>",UNKNOWN
1,57636,the.simpsons.s21e13.720p.hdtv.x264-ctu.srt,54201,I'll have to use me explosives.,Willy
2,60239,the.simpsons.s21e13.720p.hdtv.x264-ctu.srt,57704,Explosives? Great.,Bart
3,62307,the.simpsons.s21e13.720p.hdtv.x264-ctu.srt,60306,"If we put charges on
the load-bearing walls,",Bart
4,63642,the.simpsons.s21e13.720p.hdtv.x264-ctu.srt,62375,we can blow up detention hall,Bart
5,66111,the.simpsons.s21e13.720p.hdtv.x264-ctu.srt,63710,"while leaving the
art room unharmed.",Bart
6,67513,the.simpsons.s21e13.720p.hdtv.x264-ctu.srt,66179,"Hmm? Hey, I like art, okay?",Bart
7,70282,the.simpsons.s21e13.720p.hdtv.x264-ctu.srt,67580,"I'm blowing up the stump,
not the school.",Willy
8,72251,the.simpsons.s21e13.720p.hdtv.x264-ctu.srt,70350,"Right, right.",Bart
9,73819,the.simpsons.s21e13.720p.hdtv.x264-ctu.srt,72318,You never saw that.,Bart
10,86265,the.simpsons.s21e13.720p.hdtv.x264-ctu.srt,85031,"Well done, boy.",Willy
11,87533,the.simpsons.s21e13.720p.hdtv.x264-ctu.srt,86332,"Wait, here comes the ""mykeeyah.""",Bart
12,88967,the.simpsons.s21e13.720p.hdtv.x264-ctu.srt,87600,What's a mykeeyah?,Willy
13,92504,the.simpsons.s21e13.720p.hdtv.x264-ctu.srt,90169,My Kia!,Skinner
14,94907,the.simpsons.s21e13.720p.hdtv.x264-ctu.srt,92572,(both laughing),NONE
15,97442,the.simpsons.s21e13.720p.hdtv.x264-ctu.srt,94974,"I'm laughing to fit in,
but I still don't get it.",Willy
16,101046,the.simpsons.s21e13.720p.hdtv.x264-ctu.srt,99145,"Miss Hoover,
what's our lesson today?",Ralph
17,102915,the.simpsons.s21e13.720p.hdtv.x264-ctu.srt,101114,Is it school?,Ralph
18,108487,the.simpsons.s21e13.720p.hdtv.x264-ctu.srt,106386,"Oh, I don't know. Let's see.",Miss Hoover
19,111957,the.simpsons.s21e13.720p.hdtv.x264-ctu.srt,109689,Family trees.,Miss Hoover
20,114893,the.simpsons.s21e13.720p.hdtv.x264-ctu.srt,112025,"Who here knows what
a family tree is?",Miss Hoover
21,116428,the.simpsons.s21e13.720p.hdtv.x264-ctu.srt,114961,"Oh, family trees--",Lisa
22,119097,the.simpsons.s21e13.720p.hdtv.x264-ctu.srt,116496,"the charts representing
genealogical relationships",Lisa
23,121066,the.simpsons.s21e13.720p.hdtv.x264-ctu.srt,119165,in a branching structure.,Lisa
24,122467,the.simpsons.s21e13.720p.hdtv.x264-ctu.srt,121134,"Very good, Lisa.",Miss Hoover
25,124236,the.simpsons.s21e13.720p.hdtv.x264-ctu.srt,122535,"Class, your assignment
over the weekend will be",Miss Hoover
26,126171,the.simpsons.s21e13.720p.hdtv.x264-ctu.srt,124304,"to make your own family tree,",Miss Hoover
27,129608,the.simpsons.s21e13.720p.hdtv.x264-ctu.srt,126239,"emphasizing any notable or
distinguished ancestors.",Miss Hoover
28,132144,the.simpsons.s21e13.720p.hdtv.x264-ctu.srt,129676,"I can't wait to see
what noble branches lie",Lisa
29,134713,the.simpsons.s21e13.720p.hdtv.x264-ctu.srt,132211,in the Simpson family foliage.,Lisa
30,135747,the.simpsons.s21e13.720p.hdtv.x264-ctu.srt,134781,(exclaims),NONE
31,139151,the.simpsons.s21e13.720p.hdtv.x264-ctu.srt,135815,"No, this can't be right.",Lisa
32,141720,the.simpsons.s21e13.720p.hdtv.x264-ctu.srt,139218,"Yech, they're all horrible.",Lisa
33,145190,the.simpsons.s21e13.720p.hdtv.x264-ctu.srt,141788,"Yeah, the Simpson family is a
long line of horse thieves,",Homer
34,149061,the.simpsons.s21e13.720p.hdtv.x264-ctu.srt,145258,"deadbeats, horse beats,
dead thieves, and even a few...",Homer
35,151396,the.simpsons.s21e13.720p.hdtv.x264-ctu.srt,149128,(whispering):...alcoholics.,Homer
36,153398,the.simpsons.s21e13.720p.hdtv.x264-ctu.srt,151464,"There must have been
some good ancestors.",Lisa
37,155167,the.simpsons.s21e13.720p.hdtv.x264-ctu.srt,153466,"Grampa,",Lisa
38,156768,the.simpsons.s21e13.720p.hdtv.x264-ctu.srt,155234,don't you know any? Not a one.,Lisa
39,159471,the.simpsons.s21e13.720p.hdtv.x264-ctu.srt,156836,"Maybe the nicest was
Abigail Simpson,",Abe
40,162074,the.simpsons.s21e13.720p.hdtv.x264-ctu.srt,159539,"who you know as the
Pittsburgh Poisoner.",Abe
41,163375,the.simpsons.s21e13.720p.hdtv.x264-ctu.srt,162141,"Listen, Lisa, you're going to find",Homer
42,164843,the.simpsons.s21e13.720p.hdtv.x264-ctu.srt,163443,more than you bargained for.,Homer
43,167512,the.simpsons.s21e13.720p.hdtv.x264-ctu.srt,164911,"If I were you,
I wouldn't dig into the past.",Homer
44,171316,the.simpsons.s21e13.720p.hdtv.x264-ctu.srt,167580,"I lived in some of that past,
and I got out for a reason.",Homer
45,173452,the.simpsons.s21e13.720p.hdtv.x264-ctu.srt,171384,"I won't give up.
I have to know that somewhere",Lisa
46,175988,the.simpsons.s21e13.720p.hdtv.x264-ctu.srt,173519,"in the muck and the mire and
the Pittsburgh Poisoners,",Lisa
47,177723,the.simpsons.s21e13.720p.hdtv.x264-ctu.srt,176055,"this family had a noble spark,",Lisa
48,180993,the.simpsons.s21e13.720p.hdtv.x264-ctu.srt,177790,"and I will find it, even if I
have to go back to Adam and Eve.",Lisa
49,182327,the.simpsons.s21e13.720p.hdtv.x264-ctu.srt,181060,"Oh, you mean",Abe
50,183762,the.simpsons.s21e13.720p.hdtv.x264-ctu.srt,182395,"Adam and Eve Simpson,",Abe
51,187466,the.simpsons.s21e13.720p.hdtv.x264-ctu.srt,183830,"or as you may know them,
Julius and Ethel Rosenberg.",Abe
52,189201,the.simpsons.s21e13.720p.hdtv.x264-ctu.srt,187533,(groans),NONE
53,191036,the.simpsons.s21e13.720p.hdtv.x264-ctu.srt,189268,(grunting),NONE
54,193138,the.simpsons.s21e13.720p.hdtv.x264-ctu.srt,191104,Ooh! Whoa!,Lisa
55,199344,the.simpsons.s21e13.720p.hdtv.x264-ctu.srt,196576,"Well, are you going
to help me or what?",Lisa
56,206852,the.simpsons.s21e13.720p.hdtv.x264-ctu.srt,204450,(cracking),NONE
57,215394,the.simpsons.s21e13.720p.hdtv.x264-ctu.srt,214093,Thank you.,Lisa
58,217596,the.simpsons.s21e13.720p.hdtv.x264-ctu.srt,215461,"So, what are you looking for?",Bart
59,220332,the.simpsons.s21e13.720p.hdtv.x264-ctu.srt,217664,"Family records for a school
project on genealogical...",Lisa
60,222401,the.simpsons.s21e13.720p.hdtv.x264-ctu.srt,220400,"Hey, that's great.",Bart
61,238483,the.simpsons.s21e13.720p.hdtv.x264-ctu.srt,235982,"Hey, Dad's idea pad.",Lisa
62,241219,the.simpsons.s21e13.720p.hdtv.x264-ctu.srt,238551,"<i>Bicentennial issue of
Reader's Digest.</i>",Lisa
63,243455,the.simpsons.s21e13.720p.hdtv.x264-ctu.srt,241287,Old ad for Buzz Cola.,Lisa
64,245757,the.simpsons.s21e13.720p.hdtv.x264-ctu.srt,243523,(gasps),NONE
65,248160,the.simpsons.s21e13.720p.hdtv.x264-ctu.srt,245825,So dusty.,Lisa
66,256802,the.simpsons.s21e13.720p.hdtv.x264-ctu.srt,253633,"The ""Diary of Eliza Simpson""?",Lisa
67,259871,the.simpsons.s21e13.720p.hdtv.x264-ctu.srt,256869,"This entry is dated April 14, 1860.",Lisa
68,261907,the.simpsons.s21e13.720p.hdtv.x264-ctu.srt,259939,"I warn you: I don't
know what's in there,",Homer
69,265110,the.simpsons.s21e13.720p.hdtv.x264-ctu.srt,261974,"but if it's about a Simpson,
you ain't gonna be proud.",Homer
70,268413,the.simpsons.s21e13.720p.hdtv.x264-ctu.srt,265178,"Our ancestors were
kicked out of Australia.",Abe
71,269815,the.simpsons.s21e13.720p.hdtv.x264-ctu.srt,268481,"Oh, stop.",Marge
72,271950,the.simpsons.s21e13.720p.hdtv.x264-ctu.srt,269882,"It's the journal of
a sweet little girl.",Marge
73,273018,the.simpsons.s21e13.720p.hdtv.x264-ctu.srt,272018,"Keep reading, honey.",Marge
74,274386,the.simpsons.s21e13.720p.hdtv.x264-ctu.srt,273086,"""Dearest diary,",Lisa
75,276588,the.simpsons.s21e13.720p.hdtv.x264-ctu.srt,274454,"today I am the happiest
girl in Springfield...""",Lisa
76,278423,the.simpsons.s21e13.720p.hdtv.x264-ctu.srt,276656,"See, all good.",Marge
77,281359,the.simpsons.s21e13.720p.hdtv.x264-ctu.srt,278491,"""...because tomorrow I shall
get my very first slave.""",Lisa
78,282327,the.simpsons.s21e13.720p.hdtv.x264-ctu.srt,281427,(all gasp),NONE
79,286513,the.simpsons.s21e13.720p.hdtv.x264-ctu.srt,283513,"I can't believe we're
descended from slave owners.",Lisa
80,288081,the.simpsons.s21e13.720p.hdtv.x264-ctu.srt,286581,Me neither.,Homer
81,289983,the.simpsons.s21e13.720p.hdtv.x264-ctu.srt,288149,"For once, the Simpsons
were in management.",Homer
82,291218,the.simpsons.s21e13.720p.hdtv.x264-ctu.srt,290051,Homer.,Marge
83,294588,the.simpsons.s21e13.720p.hdtv.x264-ctu.srt,291285,"Oh, read a little more, honey.",Marge
84,297557,the.simpsons.s21e13.720p.hdtv.x264-ctu.srt,294655,"""Saturday, April 14, 1860.",Lisa
85,299426,the.simpsons.s21e13.720p.hdtv.x264-ctu.srt,297625,"""Dear Diary, I must be brief,",Lisa
86,301294,the.simpsons.s21e13.720p.hdtv.x264-ctu.srt,299493,"""for tonight is the grand ball",Lisa
87,303463,the.simpsons.s21e13.720p.hdtv.x264-ctu.srt,301362,"at Colonel Burns's plantation.""",Lisa
88,305498,the.simpsons.s21e13.720p.hdtv.x264-ctu.srt,303531,"I shall dress myself in finery,",Eliza
89,307367,the.simpsons.s21e13.720p.hdtv.x264-ctu.srt,305566,like a well-to-do Southern belle.,Eliza
90,308702,the.simpsons.s21e13.720p.hdtv.x264-ctu.srt,307435,What's for dinner?,Hiram
91,312205,the.simpsons.s21e13.720p.hdtv.x264-ctu.srt,308769,"Possum. Oh, can't we have opossum?",Hiram
92,313740,the.simpsons.s21e13.720p.hdtv.x264-ctu.srt,312273,Not on your salary.,Mabel
93,317444,the.simpsons.s21e13.720p.hdtv.x264-ctu.srt,313808,"I can't believe I buttoned
my britches for this.",Hiram
94,320247,the.simpsons.s21e13.720p.hdtv.x264-ctu.srt,317511,"In my elegant gown,
no one will suspect",Eliza
95,322249,the.simpsons.s21e13.720p.hdtv.x264-ctu.srt,320314,"that I'm actually
on a mission to help",Eliza
96,324651,the.simpsons.s21e13.720p.hdtv.x264-ctu.srt,322316,"my very first slave
escape to freedom.",Eliza
97,327287,the.simpsons.s21e13.720p.hdtv.x264-ctu.srt,324719,Yes! She wasn't a slave owner.,Lisa
98,330523,the.simpsons.s21e13.720p.hdtv.x264-ctu.srt,327355,"Our family was on the
Underground Railroad.",Lisa
99,332993,the.simpsons.s21e13.720p.hdtv.x264-ctu.srt,330591,We ran a subway station?,Bart
100,334594,the.simpsons.s21e13.720p.hdtv.x264-ctu.srt,333060,"No, the Underground Railroad",Lisa
101,337097,the.simpsons.s21e13.720p.hdtv.x264-ctu.srt,334662,"was a bunch of people who
helped slaves escape to Canada.",Lisa
102,339599,the.simpsons.s21e13.720p.hdtv.x264-ctu.srt,337164,"There were no actual trains
and it wasn't under ground.",Lisa
103,342335,the.simpsons.s21e13.720p.hdtv.x264-ctu.srt,339667,"Then they should've called it
the Aboveground Normal-Road.",Bart
104,344004,the.simpsons.s21e13.720p.hdtv.x264-ctu.srt,342403,"Good point, Bart. Absolutely.",Homer
105,345505,the.simpsons.s21e13.720p.hdtv.x264-ctu.srt,344071,"Hadn't thought of that before.
Very good, Bart.",Lisa
106,347374,the.simpsons.s21e13.720p.hdtv.x264-ctu.srt,345573,"That's a great story, Lisa!",Homer
107,349910,the.simpsons.s21e13.720p.hdtv.x264-ctu.srt,347441,"And you should stop
reading right there.",Homer
108,352579,the.simpsons.s21e13.720p.hdtv.x264-ctu.srt,351379,Wh-What are you doing?,Lisa
109,354180,the.simpsons.s21e13.720p.hdtv.x264-ctu.srt,352647,I want to know what happens next.,Lisa
110,355482,the.simpsons.s21e13.720p.hdtv.x264-ctu.srt,354248,"Well, I don't.",Homer
111,357317,the.simpsons.s21e13.720p.hdtv.x264-ctu.srt,355549,The motto of the Simpsons is:,Homer
112,358785,the.simpsons.s21e13.720p.hdtv.x264-ctu.srt,357385,"""Quit while you're ahead.""",Homer
113,360253,the.simpsons.s21e13.720p.hdtv.x264-ctu.srt,358853,I made it into a sampler.,Marge
114,364090,the.simpsons.s21e13.720p.hdtv.x264-ctu.srt,362223,"It's like when your
father and I left",Marge
115,367060,the.simpsons.s21e13.720p.hdtv.x264-ctu.srt,364158,"<i>the movie Carrie right after she
was crowned prom queen.</i>",Marge
116,369095,the.simpsons.s21e13.720p.hdtv.x264-ctu.srt,367128,She was so happy.,Marge
117,371631,the.simpsons.s21e13.720p.hdtv.x264-ctu.srt,369163,"She had a lot of problems,
but they were all behind her.",Marge
118,372966,the.simpsons.s21e13.720p.hdtv.x264-ctu.srt,371699,"But, but, but-but-but...",Lisa
119,374434,the.simpsons.s21e13.720p.hdtv.x264-ctu.srt,373034,"Time for bed, sweetie.",UNKNOWN
120,375402,the.simpsons.s21e13.720p.hdtv.x264-ctu.srt,374502,(grunts in protest),NONE
121,380473,the.simpsons.s21e13.720p.hdtv.x264-ctu.srt,376737,"<i>ELIZA: Lisa. Lisa, it's me.</i>",UNKNOWN
122,382642,the.simpsons.s21e13.720p.hdtv.x264-ctu.srt,380541,"<i>Eliza, the one good Simpson.</i>",Diary
123,385245,the.simpsons.s21e13.720p.hdtv.x264-ctu.srt,382710,<i>I've got so much more to tell you.</i>,Diary
124,391384,the.simpsons.s21e13.720p.hdtv.x264-ctu.srt,389216,I must know.,Lisa
125,396289,the.simpsons.s21e13.720p.hdtv.x264-ctu.srt,395122,(panting),NONE
126,400093,the.simpsons.s21e13.720p.hdtv.x264-ctu.srt,398492,(humming),NONE
127,406032,the.simpsons.s21e13.720p.hdtv.x264-ctu.srt,403264,You still reading that thing?,Homer
128,409035,the.simpsons.s21e13.720p.hdtv.x264-ctu.srt,406100,"I'm warning you: When
something goes into that vent,",Homer
129,410637,the.simpsons.s21e13.720p.hdtv.x264-ctu.srt,409103,it shouldn't come out...,Homer
130,412605,the.simpsons.s21e13.720p.hdtv.x264-ctu.srt,410705,ever.,Homer
131,414607,the.simpsons.s21e13.720p.hdtv.x264-ctu.srt,412673,"<i>Well, I am reading it,
and when I'm finished,</i>",Lisa
132,416543,the.simpsons.s21e13.720p.hdtv.x264-ctu.srt,414675,I'm going to use Eliza's diary,Lisa
133,418611,the.simpsons.s21e13.720p.hdtv.x264-ctu.srt,416610,"for my ""Black History
Month"" presentation.",Lisa
134,420146,the.simpsons.s21e13.720p.hdtv.x264-ctu.srt,418679,"Ooh, good idea.",Marge
135,422449,the.simpsons.s21e13.720p.hdtv.x264-ctu.srt,420214,"Bart, what are you doing
for Black History Month?",Marge
136,425085,the.simpsons.s21e13.720p.hdtv.x264-ctu.srt,422516,"I got an idea:
You can march to Selma,",Homer
137,426286,the.simpsons.s21e13.720p.hdtv.x264-ctu.srt,425152,and tell her she's ugly!,Homer
138,427587,the.simpsons.s21e13.720p.hdtv.x264-ctu.srt,426354,(laughs),NONE
139,429089,the.simpsons.s21e13.720p.hdtv.x264-ctu.srt,427655,(gags),NONE
140,432692,the.simpsons.s21e13.720p.hdtv.x264-ctu.srt,430458,"Listen. ""April 20, 1860.",Lisa
141,435695,the.simpsons.s21e13.720p.hdtv.x264-ctu.srt,432760,"""A week ago, I had no idea
what the future would bring,",Lisa
142,438298,the.simpsons.s21e13.720p.hdtv.x264-ctu.srt,435763,"""which, I guess, is always
true of everyone all the time.",Lisa
143,440066,the.simpsons.s21e13.720p.hdtv.x264-ctu.srt,438366,"""Anyway, last Saturday night,",Lisa
144,441568,the.simpsons.s21e13.720p.hdtv.x264-ctu.srt,440134,"I went to Colonel Burns's ball.""",Lisa
145,448575,the.simpsons.s21e13.720p.hdtv.x264-ctu.srt,445806,"(""Blue Danube Waltz"" playing)",NONE
146,455515,the.simpsons.s21e13.720p.hdtv.x264-ctu.srt,452613,"I don't like this new Viennese
dance craze, ""the waltz.""",Colonel Burns
147,457183,the.simpsons.s21e13.720p.hdtv.x264-ctu.srt,455583,"One, two, three, one, two, three...",Colonel Burns
148,460153,the.simpsons.s21e13.720p.hdtv.x264-ctu.srt,457251,"Where's the ""four""?
All music needs a four!",Colonel Burns
149,463056,the.simpsons.s21e13.720p.hdtv.x264-ctu.srt,460221,"I'll have the orchestra adjust
its time signature, sir.",Smithers
150,464791,the.simpsons.s21e13.720p.hdtv.x264-ctu.srt,463124,See that you do.,Colonel Burns
151,466559,the.simpsons.s21e13.720p.hdtv.x264-ctu.srt,464859,* *,UNKNOWN
152,467994,the.simpsons.s21e13.720p.hdtv.x264-ctu.srt,466627,(whispering),NONE
153,472732,the.simpsons.s21e13.720p.hdtv.x264-ctu.srt,471198,(music switches to four-four time),NONE
154,476302,the.simpsons.s21e13.720p.hdtv.x264-ctu.srt,474101,(all clamoring),NONE
155,478338,the.simpsons.s21e13.720p.hdtv.x264-ctu.srt,476370,"<i>ELIZA: In the confusion,
I slipped out of the ball</i>",UNKNOWN
156,479939,the.simpsons.s21e13.720p.hdtv.x264-ctu.srt,478406,"<i>and made my way to the stables,</i>",Eliza
157,484110,the.simpsons.s21e13.720p.hdtv.x264-ctu.srt,480007,"<i>where I was to meet Mr.
Burns's slave, Virgil.</i>",Eliza
158,488181,the.simpsons.s21e13.720p.hdtv.x264-ctu.srt,484178,"<i>But when I got to the stables,
he was nowhere to be seen.</i>",Eliza
159,490550,the.simpsons.s21e13.720p.hdtv.x264-ctu.srt,488249,Virgil?,Eliza
160,491551,the.simpsons.s21e13.720p.hdtv.x264-ctu.srt,490618,"Virgil, let's go.",Eliza
161,492819,the.simpsons.s21e13.720p.hdtv.x264-ctu.srt,491619,(screeching),NONE
162,494120,the.simpsons.s21e13.720p.hdtv.x264-ctu.srt,492887,(screaming),NONE
163,495021,the.simpsons.s21e13.720p.hdtv.x264-ctu.srt,494188,(grunts),NONE
164,500126,the.simpsons.s21e13.720p.hdtv.x264-ctu.srt,498125,"You look like you could
use a little help.",Virgil
165,502295,the.simpsons.s21e13.720p.hdtv.x264-ctu.srt,500194,"Actually, I'm here to help you.",Lisa
166,505065,the.simpsons.s21e13.720p.hdtv.x264-ctu.srt,502363,"Follow me north to freedom.
I don't think so.",Lisa
167,507100,the.simpsons.s21e13.720p.hdtv.x264-ctu.srt,505132,"Why? Because I'm young
and I'm a woman?",Lisa
168,508668,the.simpsons.s21e13.720p.hdtv.x264-ctu.srt,507168,"No, because you're pointing south.",Virgil
169,510236,the.simpsons.s21e13.720p.hdtv.x264-ctu.srt,508736,(sheepish chuckle),NONE
170,512338,the.simpsons.s21e13.720p.hdtv.x264-ctu.srt,510304,"Oh, right, right. Sorry.",Lisa
171,514107,the.simpsons.s21e13.720p.hdtv.x264-ctu.srt,512406,It's my first time.,Lisa
172,516676,the.simpsons.s21e13.720p.hdtv.x264-ctu.srt,514175,That's all right. It's my 14th.,Virgil
173,518711,the.simpsons.s21e13.720p.hdtv.x264-ctu.srt,516744,"<i>As we made our way northward,</i>",Eliza
174,520613,the.simpsons.s21e13.720p.hdtv.x264-ctu.srt,518779,<i>a couple of patrollers spotted us.</i>,Eliza
175,522782,the.simpsons.s21e13.720p.hdtv.x264-ctu.srt,520681,"Well, well, well.",Man
176,524818,the.simpsons.s21e13.720p.hdtv.x264-ctu.srt,522850,Where do you think you're going?,Man
177,526152,the.simpsons.s21e13.720p.hdtv.x264-ctu.srt,524885,(gasps) (gasps) Run!,Lisa
178,527821,the.simpsons.s21e13.720p.hdtv.x264-ctu.srt,526220,After them! Obviously.,Man
179,529856,the.simpsons.s21e13.720p.hdtv.x264-ctu.srt,527888,"Well, you didn't say it.",Man 2
180,531591,the.simpsons.s21e13.720p.hdtv.x264-ctu.srt,529924,(horses neighing),NONE
181,533493,the.simpsons.s21e13.720p.hdtv.x264-ctu.srt,531659,"<i>Hearts pounding,
we fled into the woods,</i>",Eliza
182,535095,the.simpsons.s21e13.720p.hdtv.x264-ctu.srt,533561,<i>but their horses were fast.</i>,Eliza
183,538698,the.simpsons.s21e13.720p.hdtv.x264-ctu.srt,537631,(horses neighing),NONE
184,552846,the.simpsons.s21e13.720p.hdtv.x264-ctu.srt,551212,<i>Escape seemed impossible.</i>,Eliza
185,554280,the.simpsons.s21e13.720p.hdtv.x264-ctu.srt,552913,(neighing),NONE
186,555782,the.simpsons.s21e13.720p.hdtv.x264-ctu.srt,554348,(crumbling),NONE
187,557550,the.simpsons.s21e13.720p.hdtv.x264-ctu.srt,555850,<i>MARGE: What happened next?</i>,Marge
188,560353,the.simpsons.s21e13.720p.hdtv.x264-ctu.srt,557618,"Uh, bu... That's all theres.",Lisa
189,562422,the.simpsons.s21e13.720p.hdtv.x264-ctu.srt,560421,"The rest of the diary
has turned to dust.",Lisa
190,564124,the.simpsons.s21e13.720p.hdtv.x264-ctu.srt,562490,"(sniffs, sneezes)",NONE
191,566359,the.simpsons.s21e13.720p.hdtv.x264-ctu.srt,564191,(snapping),NONE
192,570263,the.simpsons.s21e13.720p.hdtv.x264-ctu.srt,566427,"Oh! I'll never know if Eliza
got Virgil safely to freedom.",Lisa
193,572098,the.simpsons.s21e13.720p.hdtv.x264-ctu.srt,570331,"Cheer up, sweetie.",Marge
194,574601,the.simpsons.s21e13.720p.hdtv.x264-ctu.srt,572166,"Maybe we can find the
answer in the library.",Marge
195,576336,the.simpsons.s21e13.720p.hdtv.x264-ctu.srt,574668,To the reference desk!,Lisa
196,579439,the.simpsons.s21e13.720p.hdtv.x264-ctu.srt,577705,The library?,Homer
197,581941,the.simpsons.s21e13.720p.hdtv.x264-ctu.srt,579507,"Bart, can you believe we're
married to those nerds?",Homer
198,583776,the.simpsons.s21e13.720p.hdtv.x264-ctu.srt,582009,(both laugh),NONE
199,585245,the.simpsons.s21e13.720p.hdtv.x264-ctu.srt,583844,<i>LIBRARIAN: There are no books</i>,UNKNOWN
200,588348,the.simpsons.s21e13.720p.hdtv.x264-ctu.srt,585312,"about an Eliza Simpson,
but I did find this.",Librarian
201,589749,the.simpsons.s21e13.720p.hdtv.x264-ctu.srt,588415,"MARGE: Ooh, a cookbook.",Marge
202,590950,the.simpsons.s21e13.720p.hdtv.x264-ctu.srt,589817,(Marge gasps),NONE
203,593286,the.simpsons.s21e13.720p.hdtv.x264-ctu.srt,591018,That's Eliza's mother!,Lisa
204,595255,the.simpsons.s21e13.720p.hdtv.x264-ctu.srt,593354,"Martha, you are the best!",Lisa
205,599959,the.simpsons.s21e13.720p.hdtv.x264-ctu.srt,597591,"MARGE: ""Pork Butt in Cream,
"" ""Snout-Fried Neck,""",Marge
206,602595,the.simpsons.s21e13.720p.hdtv.x264-ctu.srt,600027,"""Frog-Haunch,"" ""Hooves Au Jus,""",Marge
207,604397,the.simpsons.s21e13.720p.hdtv.x264-ctu.srt,602663,"""Possum Pouch Pie...""",Marge
208,606900,the.simpsons.s21e13.720p.hdtv.x264-ctu.srt,604465,Please don't make those recipes.,Lisa
209,608701,the.simpsons.s21e13.720p.hdtv.x264-ctu.srt,606967,This one doesn't sound roadkill-y.,Marge
210,610503,the.simpsons.s21e13.720p.hdtv.x264-ctu.srt,608769,And it comes with a story.,Marge
211,613339,the.simpsons.s21e13.720p.hdtv.x264-ctu.srt,610571,"""Many years ago,
my daughter, Eliza,",Marge
212,616743,the.simpsons.s21e13.720p.hdtv.x264-ctu.srt,613407,"brought a runaway slave,
Virgil, to the house.""",Marge
213,619746,the.simpsons.s21e13.720p.hdtv.x264-ctu.srt,616810,"(gasps) They made it
back to the house?! How?",Lisa
214,624417,the.simpsons.s21e13.720p.hdtv.x264-ctu.srt,619813,"<i>MARGE: The patrollers were too
fast for Eliza and Virgil.</i>",Marge
215,629189,the.simpsons.s21e13.720p.hdtv.x264-ctu.srt,627121,(owl hooting),NONE
216,633426,the.simpsons.s21e13.720p.hdtv.x264-ctu.srt,629256,"<i>Luckily, they chanced upon a
traveling circus...</i>",Marge
217,639599,the.simpsons.s21e13.720p.hdtv.x264-ctu.srt,636130,"<i>...where they were helped by a crusty,
old clown.</i>",UNKNOWN
218,642835,the.simpsons.s21e13.720p.hdtv.x264-ctu.srt,639667,"A little schmutz,
a little schmear, and presto!",Krusty
219,645338,the.simpsons.s21e13.720p.hdtv.x264-ctu.srt,642903,"You're part of the
under-clown railroad.",Krusty
220,647407,the.simpsons.s21e13.720p.hdtv.x264-ctu.srt,645406,"So, you got any talent?",Krusty
221,649709,the.simpsons.s21e13.720p.hdtv.x264-ctu.srt,647474,"Well, I am a bit musical.",Clown
222,653413,the.simpsons.s21e13.720p.hdtv.x264-ctu.srt,649777,* The sun shines bright *,Hiram
223,657784,the.simpsons.s21e13.720p.hdtv.x264-ctu.srt,653480,* On my old Kentucky home. *,Clown
224,660720,the.simpsons.s21e13.720p.hdtv.x264-ctu.srt,657851,"Rule number one:
never be better than me.",Krusty
225,662188,the.simpsons.s21e13.720p.hdtv.x264-ctu.srt,660788,And I'm pretty bad.,Krusty
226,669562,the.simpsons.s21e13.720p.hdtv.x264-ctu.srt,667861,Nothing to see here--,Krusty
227,672432,the.simpsons.s21e13.720p.hdtv.x264-ctu.srt,669630,"just a couple of clowns,
and the world's youngest bearded lady.",Krusty
228,674334,the.simpsons.s21e13.720p.hdtv.x264-ctu.srt,672499,That I is.,Lisa as bearded lady
229,680373,the.simpsons.s21e13.720p.hdtv.x264-ctu.srt,676971,"Look at her any longer,
you're gonna have to pay a nickel.",Krusty
230,682475,the.simpsons.s21e13.720p.hdtv.x264-ctu.srt,680441,Why do I always ask for a nickel?,Krusty
231,684811,the.simpsons.s21e13.720p.hdtv.x264-ctu.srt,682543,That's like 20 bucks in 2010 money.,Krusty
232,689115,the.simpsons.s21e13.720p.hdtv.x264-ctu.srt,686413,Wait! All that was in the recipe?,Lisa
233,691784,the.simpsons.s21e13.720p.hdtv.x264-ctu.srt,689183,It was a footnote. See?,Marge
234,695521,the.simpsons.s21e13.720p.hdtv.x264-ctu.srt,691852,"""Anyway, I was very proud of Eliza,
but my husband Hiram",Marge
235,697390,the.simpsons.s21e13.720p.hdtv.x264-ctu.srt,695589,"had not quite caught
abolition fever.""",Marge
236,699559,the.simpsons.s21e13.720p.hdtv.x264-ctu.srt,697458,"Uh-uh, no way.",Hiram
237,701461,the.simpsons.s21e13.720p.hdtv.x264-ctu.srt,699627,He'll get me in trouble.,Hiram
238,703730,the.simpsons.s21e13.720p.hdtv.x264-ctu.srt,701528,"Maybe you'll change
your mind about me",Virgil
239,706432,the.simpsons.s21e13.720p.hdtv.x264-ctu.srt,703797,"after you try some
of my wheel cakes.",Virgil
240,707867,the.simpsons.s21e13.720p.hdtv.x264-ctu.srt,706500,Wheel cakes?,Hiram
241,710370,the.simpsons.s21e13.720p.hdtv.x264-ctu.srt,707935,"They're just
honey-sweetened batter...",Virgil
242,711504,the.simpsons.s21e13.720p.hdtv.x264-ctu.srt,710437,Go on.,Hiram
243,713239,the.simpsons.s21e13.720p.hdtv.x264-ctu.srt,711572,...deep-fried in hog lard.,Virgil
244,714774,the.simpsons.s21e13.720p.hdtv.x264-ctu.srt,713307,"Lard, you say.",Hiram
245,717377,the.simpsons.s21e13.720p.hdtv.x264-ctu.srt,714842,Then dusted with powdered sugar.,Virgil
246,719345,the.simpsons.s21e13.720p.hdtv.x264-ctu.srt,717444,(muffled): You can stay.,Hiram
247,720813,the.simpsons.s21e13.720p.hdtv.x264-ctu.srt,719413,You swear you'll help him?,Marge
248,722682,the.simpsons.s21e13.720p.hdtv.x264-ctu.srt,720881,(gulps),NONE
249,725418,the.simpsons.s21e13.720p.hdtv.x264-ctu.srt,722750,"I give you my word as
a Southern gentleman.",Hiram
250,726919,the.simpsons.s21e13.720p.hdtv.x264-ctu.srt,725486,Whoo! (gulps),Hiram
251,731124,the.simpsons.s21e13.720p.hdtv.x264-ctu.srt,728322,So they did the right thing.,Lisa
252,732725,the.simpsons.s21e13.720p.hdtv.x264-ctu.srt,731191,My quest is fulfilled.,Lisa
253,735261,the.simpsons.s21e13.720p.hdtv.x264-ctu.srt,732793,Oufamily has heroes!,Lisa
254,736496,the.simpsons.s21e13.720p.hdtv.x264-ctu.srt,735329,Shh.,Librarian
255,738164,the.simpsons.s21e13.720p.hdtv.x264-ctu.srt,736563,(softly): Our family has heroes.,Lisa
256,739632,the.simpsons.s21e13.720p.hdtv.x264-ctu.srt,738232,(quiet chuckle),NONE
257,746661,the.simpsons.s21e13.720p.hdtv.x264-ctu.srt,743893,Martin Luther King had a dream.,Ralph
258,748596,the.simpsons.s21e13.720p.hdtv.x264-ctu.srt,746729,"<i>Dreams are where Elmo
and Toy Story</i>",Ralph
259,750765,the.simpsons.s21e13.720p.hdtv.x264-ctu.srt,748664,had a party and I went there.,Ralph
260,753001,the.simpsons.s21e13.720p.hdtv.x264-ctu.srt,750833,Yay. My turn is over.,Ralph
261,754502,the.simpsons.s21e13.720p.hdtv.x264-ctu.srt,753069,"One of your best, Ralph.",Skinner
262,756638,the.simpsons.s21e13.720p.hdtv.x264-ctu.srt,754570,"Next up, we have Simpson, L.",Skinner
263,759674,the.simpsons.s21e13.720p.hdtv.x264-ctu.srt,756706,"My Black History Month
presentation is called",Lisa
264,762410,the.simpsons.s21e13.720p.hdtv.x264-ctu.srt,759742,"""The Simpsons:
The First Family of Freedom.""",Lisa
265,765680,the.simpsons.s21e13.720p.hdtv.x264-ctu.srt,763679,"No, no, no, not now! Quit, quit!",Lisa
266,768717,the.simpsons.s21e13.720p.hdtv.x264-ctu.srt,765748,"No, don't quit the program,
just the update, you stupid...",Lisa
267,770919,the.simpsons.s21e13.720p.hdtv.x264-ctu.srt,768784,(awkward chuckle),NONE
268,772887,the.simpsons.s21e13.720p.hdtv.x264-ctu.srt,770986,"Computers, right?",UNKNOWN
269,775857,the.simpsons.s21e13.720p.hdtv.x264-ctu.srt,772955,"Our story begins with a
spunky little spitfire",UNKNOWN
270,777859,the.simpsons.s21e13.720p.hdtv.x264-ctu.srt,775925,named Eliza Simpson.,UNKNOWN
271,780495,the.simpsons.s21e13.720p.hdtv.x264-ctu.srt,777927,"The year was 1860,
and the Underground Railroad was...",Lisa
272,782297,the.simpsons.s21e13.720p.hdtv.x264-ctu.srt,780563,"(""The Battle Hymn of
the Republic"" playing)",NONE
273,783798,the.simpsons.s21e13.720p.hdtv.x264-ctu.srt,782365,"...though Hiram, Mabel, and Eliza",Lisa
274,786701,the.simpsons.s21e13.720p.hdtv.x264-ctu.srt,783866,"are no longer among us,
their truth goes marching on.",Lisa
275,788403,the.simpsons.s21e13.720p.hdtv.x264-ctu.srt,786769,(applause) Thank you.,Lisa
276,792340,the.simpsons.s21e13.720p.hdtv.x264-ctu.srt,789972,"(applause stops) (one
person clapping slowly)",NONE
277,796678,the.simpsons.s21e13.720p.hdtv.x264-ctu.srt,794677,"Bravo, Lisa.",Milhouse
278,802417,the.simpsons.s21e13.720p.hdtv.x264-ctu.srt,796746,"Very entertaining, but then again,
fairy tales always are.",Milhouse
279,803651,the.simpsons.s21e13.720p.hdtv.x264-ctu.srt,802485,(all gasping),NONE
280,805520,the.simpsons.s21e13.720p.hdtv.x264-ctu.srt,803719,What are you talking about?,Lisa
281,808790,the.simpsons.s21e13.720p.hdtv.x264-ctu.srt,805588,I hold in my hand another diary.,Milhouse
282,811760,the.simpsons.s21e13.720p.hdtv.x264-ctu.srt,808858,That of my great-great-great...,Milhouse
283,813428,the.simpsons.s21e13.720p.hdtv.x264-ctu.srt,811827,(takes hit from inhaler),NONE
284,817232,the.simpsons.s21e13.720p.hdtv.x264-ctu.srt,813496,"...great-great grandfafa,
Milford van Houten.",Milhouse
285,818600,the.simpsons.s21e13.720p.hdtv.x264-ctu.srt,817299,(audience murmurs),NONE
286,821269,the.simpsons.s21e13.720p.hdtv.x264-ctu.srt,818667,"""April 22nd, 1860...""",UNKNOWN
287,824873,the.simpsons.s21e13.720p.hdtv.x264-ctu.srt,821337,"<i>(strong Southern accent): I was reclining
beneath a sarsaparilla tree,</i>",UNKNOWN
288,826608,the.simpsons.s21e13.720p.hdtv.x264-ctu.srt,824940,<i>reading about one</i>,Milford
289,829711,the.simpsons.s21e13.720p.hdtv.x264-ctu.srt,826675,"<i>of Mr. Thomas Jefferson's
marvelous inventions.</i>",Milford
290,832614,the.simpsons.s21e13.720p.hdtv.x264-ctu.srt,829779,"<i>when suddenly I heard
quite a commotion</i>",Milford
291,833915,the.simpsons.s21e13.720p.hdtv.x264-ctu.srt,832681,<i>coming from the Simpson residence.</i>,Milford
292,835116,the.simpsons.s21e13.720p.hdtv.x264-ctu.srt,833983,BURNS: You're lying!,Colonel Burns
293,837485,the.simpsons.s21e13.720p.hdtv.x264-ctu.srt,835184,"BURNS: Leave me alone!
I have sells to crop.",Hiram
294,840722,the.simpsons.s21e13.720p.hdtv.x264-ctu.srt,837553,"That's one of Virgil's
sugar-sprinkled cake rings.",Colonel Burns
295,842924,the.simpsons.s21e13.720p.hdtv.x264-ctu.srt,840790,"Now, where is he?",Colonel Burns
296,845827,the.simpsons.s21e13.720p.hdtv.x264-ctu.srt,842992,"I don't have to answer
to some weak old man",Hiram
297,847362,the.simpsons.s21e13.720p.hdtv.x264-ctu.srt,845895,with a walking stick.,Hiram
298,848663,the.simpsons.s21e13.720p.hdtv.x264-ctu.srt,847430,Ahh! A beating stick!,Hiram
299,849697,the.simpsons.s21e13.720p.hdtv.x264-ctu.srt,848731,Brigand.,Colonel Burns
300,851399,the.simpsons.s21e13.720p.hdtv.x264-ctu.srt,849765,(screams) Dastard.,Colonel Burns
301,852634,the.simpsons.s21e13.720p.hdtv.x264-ctu.srt,851467,Renegade.,Colonel Burns
302,854102,the.simpsons.s21e13.720p.hdtv.x264-ctu.srt,852701,Mooncalf.,Colonel Burns
303,857439,the.simpsons.s21e13.720p.hdtv.x264-ctu.srt,854170,"I can't tell you where he is-
I swore an oath.",Hiram
304,859707,the.simpsons.s21e13.720p.hdtv.x264-ctu.srt,857506,I see.,Colonel Burns
305,863778,the.simpsons.s21e13.720p.hdtv.x264-ctu.srt,859775,"You know, Simpson,
every man has his price.",Colonel Burns
306,867415,the.simpsons.s21e13.720p.hdtv.x264-ctu.srt,863846,"No one is better at determining
said price than yours truly.",Colonel Burns
307,878760,the.simpsons.s21e13.720p.hdtv.x264-ctu.srt,876525,I would say your price is...,Colonel Burns
308,880962,the.simpsons.s21e13.720p.hdtv.x264-ctu.srt,878828,a pleasant surprise.,Colonel Burns
309,883298,the.simpsons.s21e13.720p.hdtv.x264-ctu.srt,881030,That's exactly my price.,Hiram
310,884699,the.simpsons.s21e13.720p.hdtv.x264-ctu.srt,883365,Your man Virgil is...,Hiram
311,885867,the.simpsons.s21e13.720p.hdtv.x264-ctu.srt,884767,in...,Hiram
312,886868,the.simpsons.s21e13.720p.hdtv.x264-ctu.srt,885935,"Father, no!",Eliza
313,888603,the.simpsons.s21e13.720p.hdtv.x264-ctu.srt,886936,"Eliza, hold your tongue!",Hiram
314,890872,the.simpsons.s21e13.720p.hdtv.x264-ctu.srt,888671,"Don't worry, I'll handle this one.",Colonel Burns
315,893708,the.simpsons.s21e13.720p.hdtv.x264-ctu.srt,890940,"Young lady, in this day and age,",Colonel Burns
316,896044,the.simpsons.s21e13.720p.hdtv.x264-ctu.srt,893776,"women only express their
opinions in diaries",Colonel Burns
317,898413,the.simpsons.s21e13.720p.hdtv.x264-ctu.srt,896111,"to be found long
after they're gone.",Colonel Burns
318,900548,the.simpsons.s21e13.720p.hdtv.x264-ctu.srt,898481,"From the day you were born,
you were brought up",Colonel Burns
319,903117,the.simpsons.s21e13.720p.hdtv.x264-ctu.srt,900616,to crave the approval of a man.,Colonel Burns
320,905720,the.simpsons.s21e13.720p.hdtv.x264-ctu.srt,903185,"And I know you really
want to be a good girl,",Colonel Burns
321,908857,the.simpsons.s21e13.720p.hdtv.x264-ctu.srt,905788,"and good girls are
seen and not heard.",Colonel Burns
322,911326,the.simpsons.s21e13.720p.hdtv.x264-ctu.srt,910025,(stifled protest),NONE
323,913962,the.simpsons.s21e13.720p.hdtv.x264-ctu.srt,912661,"Yes, sir.",Eliza
324,915296,the.simpsons.s21e13.720p.hdtv.x264-ctu.srt,914029,That-a-girl.,Colonel Burns
325,918366,the.simpsons.s21e13.720p.hdtv.x264-ctu.srt,916632,"Now, where's my man?",Colonel Burns
326,919334,the.simpsons.s21e13.720p.hdtv.x264-ctu.srt,918434,In the turnip shed.,Hiram
327,920602,the.simpsons.s21e13.720p.hdtv.x264-ctu.srt,919401,"Now, what's my surprise?",Colonel Burns
328,923438,the.simpsons.s21e13.720p.hdtv.x264-ctu.srt,920669,"Your surprise is a
new pair of shoes.",Colonel Burns
329,926741,the.simpsons.s21e13.720p.hdtv.x264-ctu.srt,923506,"Oh, my God, that
surprise is so pleasant.",Hiram
330,930678,the.simpsons.s21e13.720p.hdtv.x264-ctu.srt,926809,(sobbing),NONE
331,932747,the.simpsons.s21e13.720p.hdtv.x264-ctu.srt,930746,"<i>MILFORD (with Southern accent):
After that fateful day,</i>",UNKNOWN
332,937552,the.simpsons.s21e13.720p.hdtv.x264-ctu.srt,932815,"(normal voice): ""I could never
even look at Eliza again.""",Milhouse
333,939053,the.simpsons.s21e13.720p.hdtv.x264-ctu.srt,937620,"It didn't help that the next day,",Milhouse
334,941089,the.simpsons.s21e13.720p.hdtv.x264-ctu.srt,939121,"he drank bad well
water and went blind.",Milhouse
335,942490,the.simpsons.s21e13.720p.hdtv.x264-ctu.srt,941156,No! You lie!,Lisa
336,945560,the.simpsons.s21e13.720p.hdtv.x264-ctu.srt,942558,Eliza Simpson can't be a coward.,Lisa
337,947896,the.simpsons.s21e13.720p.hdtv.x264-ctu.srt,945628,"(voice breaking): She's the
only decent ancestor I have.",Lisa
338,950632,the.simpsons.s21e13.720p.hdtv.x264-ctu.srt,947963,"Ach. Take it outside, lassie.",Willy
339,952734,the.simpsons.s21e13.720p.hdtv.x264-ctu.srt,950699,"We've still got three
""Jackie Robinsons""",Willy
340,955403,the.simpsons.s21e13.720p.hdtv.x264-ctu.srt,952801,"and a ""Tuskegee Airmen"" to go.",Willy
341,957138,the.simpsons.s21e13.720p.hdtv.x264-ctu.srt,955471,(crying) And so many Obamas.,Willy
342,958373,the.simpsons.s21e13.720p.hdtv.x264-ctu.srt,957206,"(all impersonating
Obama) Yes, we can.",Kids
343,960375,the.simpsons.s21e13.720p.hdtv.x264-ctu.srt,958440,Audacity of hope. Let me be clear.,Kids
344,965417,the.simpsons.s21e13.720p.hdtv.x264-ctu.srt,963116,"As I told you,
we don't have any books",Librarian
345,967553,the.simpsons.s21e13.720p.hdtv.x264-ctu.srt,965485,pertaining to Eliza Simpson.,Librarian
346,969621,the.simpsons.s21e13.720p.hdtv.x264-ctu.srt,967620,"But I need to prove
that my ancestor",Lisa
347,971623,the.simpsons.s21e13.720p.hdtv.x264-ctu.srt,969689,"couldn't have backed
down to Colonel Burns.",Lisa
348,973158,the.simpsons.s21e13.720p.hdtv.x264-ctu.srt,971691,Colonel Burns?,Librarian
349,975360,the.simpsons.s21e13.720p.hdtv.x264-ctu.srt,973226,"Why, I haven't heard my
father's name in years.",Mr Burns
350,977629,the.simpsons.s21e13.720p.hdtv.x264-ctu.srt,975428,(sobbing),NONE
351,980299,the.simpsons.s21e13.720p.hdtv.x264-ctu.srt,977697,"You know, you could
try our film vault.",Librarian
352,981400,the.simpsons.s21e13.720p.hdtv.x264-ctu.srt,980366,Huh?,Librarian 2
353,983402,the.simpsons.s21e13.720p.hdtv.x264-ctu.srt,981468,We have a film vault?,Librarian 2
354,985604,the.simpsons.s21e13.720p.hdtv.x264-ctu.srt,983470,"It's where we hooked up
during the Christmas party.",Librarian
355,987072,the.simpsons.s21e13.720p.hdtv.x264-ctu.srt,985672,Oh.,Librarian 2
356,992811,the.simpsons.s21e13.720p.hdtv.x264-ctu.srt,991744,"INTERVIEWER (on film): So,
Miss Eliza, I understand",Interviewer on film
357,994947,the.simpsons.s21e13.720p.hdtv.x264-ctu.srt,992879,you just turned 100.,Interviewer on film
358,997549,the.simpsons.s21e13.720p.hdtv.x264-ctu.srt,995014,It's been quite a life.,Eliza
359,998784,the.simpsons.s21e13.720p.hdtv.x264-ctu.srt,997617,Any regrets?,Interviewer on film
360,1000352,the.simpsons.s21e13.720p.hdtv.x264-ctu.srt,998852,Just one.,Eliza
361,1003222,the.simpsons.s21e13.720p.hdtv.x264-ctu.srt,1000420,"When I was a girl,
I witnessed a grave injustice,",Eliza
362,1004790,the.simpsons.s21e13.720p.hdtv.x264-ctu.srt,1003289,but I held my tongue.,Eliza
363,1007626,the.simpsons.s21e13.720p.hdtv.x264-ctu.srt,1004858,"That pat on my head
from a wicked man",Eliza
364,1009728,the.simpsons.s21e13.720p.hdtv.x264-ctu.srt,1007694,has haunted me to this day.,Eliza
365,1014399,the.simpsons.s21e13.720p.hdtv.x264-ctu.srt,1012532,(sobbing),NONE
366,1017436,the.simpsons.s21e13.720p.hdtv.x264-ctu.srt,1014467,There's no noble Simpson.,Lisa
367,1020672,the.simpsons.s21e13.720p.hdtv.x264-ctu.srt,1017504,"Oh, you were right, Dad.",Lisa
368,1022674,the.simpsons.s21e13.720p.hdtv.x264-ctu.srt,1020740,"I should have quit
while I was ahead",Lisa
369,1024243,the.simpsons.s21e13.720p.hdtv.x264-ctu.srt,1022742,"instead of learning
the horrible truth",Lisa
370,1025577,the.simpsons.s21e13.720p.hdtv.x264-ctu.srt,1024310,about our family and Virgil.,Lisa
371,1030716,the.simpsons.s21e13.720p.hdtv.x264-ctu.srt,1028314,"Aw, don't cry, meat pie.",Abe
372,1033352,the.simpsons.s21e13.720p.hdtv.x264-ctu.srt,1030783,"Things worked out pretty
well for Virgil in the end.",Abe
373,1034953,the.simpsons.s21e13.720p.hdtv.x264-ctu.srt,1033419,What are you talking about?,Lisa
374,1036522,the.simpsons.s21e13.720p.hdtv.x264-ctu.srt,1035021,"Is there something
you know about Virgil",Lisa
375,1037956,the.simpsons.s21e13.720p.hdtv.x264-ctu.srt,1036589,that you haven't told us?,Lisa
376,1040292,the.simpsons.s21e13.720p.hdtv.x264-ctu.srt,1038024,I'll take that secret to my grave--,Abe
377,1042995,the.simpsons.s21e13.720p.hdtv.x264-ctu.srt,1040360,"or urn, or medical
school dissecting table,",Abe
378,1044096,the.simpsons.s21e13.720p.hdtv.x264-ctu.srt,1043062,or wherever you're dumping me.,Abe
379,1046165,the.simpsons.s21e13.720p.hdtv.x264-ctu.srt,1044164,"Listen, Wrinkles,",Homer
380,1047599,the.simpsons.s21e13.720p.hdtv.x264-ctu.srt,1046232,"if you know something that'll
cheer up my little girl,",Homer
381,1049234,the.simpsons.s21e13.720p.hdtv.x264-ctu.srt,1047667,you'd better spill it.,Homer
382,1052838,the.simpsons.s21e13.720p.hdtv.x264-ctu.srt,1049302,"Or I can make things very
uncomfortable for you.",Homer
383,1054840,the.simpsons.s21e13.720p.hdtv.x264-ctu.srt,1052906,That enough?,Homer
384,1057376,the.simpsons.s21e13.720p.hdtv.x264-ctu.srt,1054908,"Ah! Okay, I'll talk.",Abe
385,1060412,the.simpsons.s21e13.720p.hdtv.x264-ctu.srt,1057443,"D-Day is June 6th.
Repeat: June 6th.",UNKNOWN
386,1063282,the.simpsons.s21e13.720p.hdtv.x264-ctu.srt,1060480,"Allied forces will land
on the beaches of Normandy",Abe
387,1066218,the.simpsons.s21e13.720p.hdtv.x264-ctu.srt,1063349,"in the following order-- Utah,
Omaha, Gold, Juno.",Abe
388,1067653,the.simpsons.s21e13.720p.hdtv.x264-ctu.srt,1066286,"Are you writing this down, Fritz?",Abe
389,1068954,the.simpsons.s21e13.720p.hdtv.x264-ctu.srt,1067720,About Virgil.,Homer
390,1070222,the.simpsons.s21e13.720p.hdtv.x264-ctu.srt,1069022,"Oh, right.",Abe
391,1072991,the.simpsons.s21e13.720p.hdtv.x264-ctu.srt,1070290,"Well, Lisa, Mabel
knew her husband well,",Abe
392,1076662,the.simpsons.s21e13.720p.hdtv.x264-ctu.srt,1073059,"<i>so she cooked up a little
payback pie.</i>",Abe
393,1078897,the.simpsons.s21e13.720p.hdtv.x264-ctu.srt,1077864,(gasps),NONE
394,1081233,the.simpsons.s21e13.720p.hdtv.x264-ctu.srt,1078965,"Get off my property, Colonel Burns.",Mabel
395,1083435,the.simpsons.s21e13.720p.hdtv.x264-ctu.srt,1081301,"And if I ever see you
in these parts again...",Mabel
396,1084703,the.simpsons.s21e13.720p.hdtv.x264-ctu.srt,1083503,(shotgun cocking),NONE
397,1086271,the.simpsons.s21e13.720p.hdtv.x264-ctu.srt,1084771,...you're gonna be a Memphis belle.,Mabel
398,1091009,the.simpsons.s21e13.720p.hdtv.x264-ctu.srt,1087640,"Very well. You may
have won this round,",Colonel Burns
399,1093412,the.simpsons.s21e13.720p.hdtv.x264-ctu.srt,1091077,but someday my history will be told,Colonel Burns
400,1095747,the.simpsons.s21e13.720p.hdtv.x264-ctu.srt,1093479,"by my descendants
Ken and Ric Burns.",Colonel Burns
401,1100185,the.simpsons.s21e13.720p.hdtv.x264-ctu.srt,1098117,I knew you'd break your promise.,Mabel
402,1102120,the.simpsons.s21e13.720p.hdtv.x264-ctu.srt,1100253,Now I'm taking Virgil to freedom.,Mabel
403,1104923,the.simpsons.s21e13.720p.hdtv.x264-ctu.srt,1102188,<i>You defied your husband for me?</i>,Virgil
404,1106892,the.simpsons.s21e13.720p.hdtv.x264-ctu.srt,1104991,"<i>Man, this is the '60s.</i>",Virgil
405,1108694,the.simpsons.s21e13.720p.hdtv.x264-ctu.srt,1106960,Now let's take you to a place,Mabel
406,1111730,the.simpsons.s21e13.720p.hdtv.x264-ctu.srt,1108761,"where a black man can
blend in-- Canada.",Mabel
407,1115100,the.simpsons.s21e13.720p.hdtv.x264-ctu.srt,1113600,"<i>GRAMPA: So, with those words,</i>",UNKNOWN
408,1117536,the.simpsons.s21e13.720p.hdtv.x264-ctu.srt,1115168,"<i>Mabel and Virgil headed north,</i>",Abe
409,1120105,the.simpsons.s21e13.720p.hdtv.x264-ctu.srt,1117604,"<i>but their journey was
fraught with peril.</i>",Abe
410,1121173,the.simpsons.s21e13.720p.hdtv.x264-ctu.srt,1120173,(gasps),NONE
411,1123775,the.simpsons.s21e13.720p.hdtv.x264-ctu.srt,1122575,Hmm...,Woman
412,1130482,the.simpsons.s21e13.720p.hdtv.x264-ctu.srt,1127013,"Mabel, why don't I go on alone,
and you go back to Hiram?",Virgil
413,1131550,the.simpsons.s21e13.720p.hdtv.x264-ctu.srt,1130550,No.,Mabel
414,1133352,the.simpsons.s21e13.720p.hdtv.x264-ctu.srt,1131618,There's no life for me with him.,Mabel
415,1134853,the.simpsons.s21e13.720p.hdtv.x264-ctu.srt,1133419,I just need to disguise my hair.,Mabel
416,1135887,the.simpsons.s21e13.720p.hdtv.x264-ctu.srt,1134921,But how?,Mabel
417,1137990,the.simpsons.s21e13.720p.hdtv.x264-ctu.srt,1135955,May I be of assistance?,Abraham Lincoln
418,1140492,the.simpsons.s21e13.720p.hdtv.x264-ctu.srt,1138057,Abraham Lincoln?! (gasps),Mabel
419,1143195,the.simpsons.s21e13.720p.hdtv.x264-ctu.srt,1140560,"Perhaps this hat will
help disguise your hair.",Abraham Lincoln
420,1144663,the.simpsons.s21e13.720p.hdtv.x264-ctu.srt,1143263,Thank you.,Mabel
421,1148300,the.simpsons.s21e13.720p.hdtv.x264-ctu.srt,1146566,How's it look?,Mabel
422,1150469,the.simpsons.s21e13.720p.hdtv.x264-ctu.srt,1148368,"It makes you look like a
potbellied stove. (annoyed grunt)",Abraham Lincoln
423,1152471,the.simpsons.s21e13.720p.hdtv.x264-ctu.srt,1150536,"Hey, hey, ""Honest Abe.""",Abraham Lincoln
424,1154940,the.simpsons.s21e13.720p.hdtv.x264-ctu.srt,1152538,"(laughs) Oh, I'm a riot.",Abraham Lincoln
425,1158076,the.simpsons.s21e13.720p.hdtv.x264-ctu.srt,1155008,"<i>GRAMPA: As the border drew close,
so did Virgil and Mabel.</i>",Abe
426,1159878,the.simpsons.s21e13.720p.hdtv.x264-ctu.srt,1158144,After you.,Virgil
427,1163782,the.simpsons.s21e13.720p.hdtv.x264-ctu.srt,1159946,"<i>By the time they crossed into Canada,
things had changed.</i>",Abe
428,1168186,the.simpsons.s21e13.720p.hdtv.x264-ctu.srt,1163850,"<i>(theme from Ken Burns's The
Civil War playing)</i>",NONE
429,1170188,the.simpsons.s21e13.720p.hdtv.x264-ctu.srt,1168254,<i>Mabel she divorced Hiram</i>,Abe
430,1172124,the.simpsons.s21e13.720p.hdtv.x264-ctu.srt,1170256,"<i>and got one of his shoes
in the settlement.</i>",Abe
431,1180098,the.simpsons.s21e13.720p.hdtv.x264-ctu.srt,1175728,"<i>Mabel and Virgil lived out the
rest of their days in peace.</i>",Abe
432,1183035,the.simpsons.s21e13.720p.hdtv.x264-ctu.srt,1180166,"<i>They got married, and since
Virgil had no last name,</i>",Abe
433,1184936,the.simpsons.s21e13.720p.hdtv.x264-ctu.srt,1183102,<i>they both took the name Simpson</i>,Abe
434,1186438,the.simpsons.s21e13.720p.hdtv.x264-ctu.srt,1185004,<i>so that Mabel could keep</i>,Abe
435,1189107,the.simpsons.s21e13.720p.hdtv.x264-ctu.srt,1186506,<i>all her monogrammed table linens.</i>,Abe
436,1192577,the.simpsons.s21e13.720p.hdtv.x264-ctu.srt,1189175,"<i>And their son, Abraham Simpson,</i>",Abe
437,1194780,the.simpsons.s21e13.720p.hdtv.x264-ctu.srt,1192645,<i>was my great-grandfather.</i>,Abe
438,1202888,the.simpsons.s21e13.720p.hdtv.x264-ctu.srt,1198918,"So you're actually descended
from Virgil, not Hiram.",Abe
439,1204423,the.simpsons.s21e13.720p.hdtv.x264-ctu.srt,1202955,Are ya happy?,Abe
440,1206191,the.simpsons.s21e13.720p.hdtv.x264-ctu.srt,1204490,Yes. I'm thrilled.,Lisa
441,1208593,the.simpsons.s21e13.720p.hdtv.x264-ctu.srt,1206259,"We've regained our family honor,",Lisa
442,1211129,the.simpsons.s21e13.720p.hdtv.x264-ctu.srt,1208661,<i>and we're 1/64th black.</i>,Lisa
443,1213598,the.simpsons.s21e13.720p.hdtv.x264-ctu.srt,1211197,So that's why I'm so cool.,Bart
444,1215834,the.simpsons.s21e13.720p.hdtv.x264-ctu.srt,1213666,That's why my jazz is so smooth.,Lisa
445,1218837,the.simpsons.s21e13.720p.hdtv.x264-ctu.srt,1215902,"And that's why I earn less
than my white co-workers.",Homer
446,1220339,the.simpsons.s21e13.720p.hdtv.x264-ctu.srt,1218905,"Grampa, why'd you try to",Lisa
447,1222140,the.simpsons.s21e13.720p.hdtv.x264-ctu.srt,1220406,keep us from finding this out?,Lisa
448,1225110,the.simpsons.s21e13.720p.hdtv.x264-ctu.srt,1222208,"Well, it's hard to explain
this to a young person,",Abe
449,1229047,the.simpsons.s21e13.720p.hdtv.x264-ctu.srt,1225178,"but people of my
generation are, you know...",Abe
450,1230882,the.simpsons.s21e13.720p.hdtv.x264-ctu.srt,1229115,Racists? That's it.,Lisa
451,1233051,the.simpsons.s21e13.720p.hdtv.x264-ctu.srt,1230950,I don't know what the big deal is.,Marge
452,1236221,the.simpsons.s21e13.720p.hdtv.x264-ctu.srt,1233119,"I mean, it never bothered any
of you that my father's French.",Marge
453,1238123,the.simpsons.s21e13.720p.hdtv.x264-ctu.srt,1236289,"You know, Bouvier?",Marge
454,1240726,the.simpsons.s21e13.720p.hdtv.x264-ctu.srt,1238191,"So that's why I love
drinking so much.",Homer
455,1242594,the.simpsons.s21e13.720p.hdtv.x264-ctu.srt,1240793,"I'm French, not you.",Marge
456,1244863,the.simpsons.s21e13.720p.hdtv.x264-ctu.srt,1242662,"<i>C'est la vie, baby.</i>",Homer
457,1246865,the.simpsons.s21e13.720p.hdtv.x264-ctu.srt,1244931,"(""Marseillaise"" playing)",NONE
458,1248700,the.simpsons.s21e13.720p.hdtv.x264-ctu.srt,1246933,(guzzling),NONE
459,1259371,the.simpsons.s21e13.720p.hdtv.x264-ctu.srt,1248768,"<font color=""#ffff00"">Sync by honeybunny</font>
<font color=""#ffff00"">www.addic7ed.com</font>",UNKNOWN
